{
    "db_id": "misteraddons/reflexadapt",
    "timestamp": 1732221487,
    "files": {
        "config/inputs/NES_input_16d0_127e_ReflexSNESNTT_v3.map": {
            "hash": "834cdc4717fa52ca2fec32b131c44ef4",
            "size": 128,
            "overwrite": false
        },
        "config/inputs/robotron_input_16d0_127e_ReflexVboy_v3.map": {
            "hash": "6c8e1498e1b676d9e23d590f22bdaf75",
            "size": 128,
            "overwrite": false
        },
        "config/inputs/S32X_input_16d0_127e_ReflexNeoGeo_v3.map": {
            "hash": "ad74aa75f2afc89a3ee59dafcd411f02",
            "size": 128,
            "overwrite": false
        },
        "config/inputs/NES_input_16d0_127e_MiSTer-A1_JogCon_v3.map": {
            "hash": "ad5afff069cc9d2aee770103e45cd831",
            "size": 128,
            "overwrite": false
        },
        "config/inputs/MegaCD_input_16d0_127e_ReflexPSDS1_v3.map": {
            "hash": "65da72e40bcb9e48bff311aa56931d58",
            "size": 128,
            "overwrite": false
        },
        "config/inputs/SNES_input_16d0_127e_MiSTer-A1_JogCon_v3.map": {
            "hash": "ad6f988ade164e8b6df27f14516fe113",
            "size": 128,
            "overwrite": false
        },
        "config/inputs/GameGear_input_16d0_127e_ReflexSNESNTT_v3.map": {
            "hash": "b21b1afb7816ed516286762dbbc59e97",
            "size": 128,
            "overwrite": false
        },
        "config/inputs/NES_input_16d0_127e_ReflexWii_v3.map": {
            "hash": "ab4c46d4d903040466fed530f58ff4ac",
            "size": 128,
            "overwrite": false
        },
        "config/inputs/NES_input_16d0_127e_ReflexGC_v3.map": {
            "hash": "4cf25a36838e0a8293d832005d7022f9",
            "size": 128,
            "overwrite": false
        },
        "config/inputs/SNES_input_16d0_127e_ReflexPCE_v3.map": {
            "hash": "cc8b7e6520211a4e2f80e134b6935ae2",
            "size": 128,
            "overwrite": false
        },
        "config/inputs/SGB_input_16d0_127e_ReflexN64_v3.map": {
            "hash": "526a8bf0b1566317f630f5d936ba4c90",
            "size": 128,
            "overwrite": false
        },
        "config/inputs/GAMEBOY2P_input_16d0_127e_ReflexN64_v3.map": {
            "hash": "ab4c46d4d903040466fed530f58ff4ac",
            "size": 128,
            "overwrite": false
        },
        "config/inputs/SMS_input_16d0_127e_ReflexSat_v3.map": {
            "hash": "5249caa33daee97095d9adfcc896958b",
            "size": 128,
            "overwrite": false
        },
        "config/inputs/GBA2P_input_16d0_127e_ReflexPSDS1_v3.map": {
            "hash": "05c92acb6c3b674768dd53836bcfb788",
            "size": 128,
            "overwrite": false
        },
        "config/inputs/PSX_input_16d0_127e_ReflexNeoGeo_v3.map": {
            "hash": "2e9faafa5298d2285137970139f0fe0a",
            "size": 128,
            "overwrite": false
        },
        "config/inputs/PSX_input_16d0_127e_ReflexPSDS1_v3.map": {
            "hash": "e8b9c748aaad9addcb9282203e5d0a92",
            "size": 128,
            "overwrite": false
        },
        "config/inputs/WonderSwanColor_input_16d0_127e_ReflexN64_v3.map": {
            "hash": "a45239d0445fc28a7e6e78f0323775c1",
            "size": 128,
            "overwrite": false
        },
        "config/inputs/GBA_input_16d0_127e_Reflex3DO_v3.map": {
            "hash": "24c1c4a4b872a7449559bde4fc35a5ee",
            "size": 128,
            "overwrite": false
        },
        "config/inputs/TGFX16_input_16d0_127e_ReflexSat_v3.map": {
            "hash": "fe7761f7712d6d1d7969530840200902",
            "size": 128,
            "overwrite": false
        },
        "config/inputs/GAMEBOY_input_16d0_127e_ReflexPCE_v3.map": {
            "hash": "25ef24c7df2182fe35487a0962f223a0",
            "size": 128,
            "overwrite": false
        },
        "config/inputs/TGFX16_input_16d0_127e_ReflexNeoGeo_v3.map": {
            "hash": "a33026ec7b498791ab19454084468b66",
            "size": 128,
            "overwrite": false
        },
        "config/inputs/input_16d0_127e_ReflexPCE_v3.map": {
            "hash": "e4f19b15324ee83c1a63692bbd4a4eef",
            "size": 128,
            "overwrite": false
        },
        "config/inputs/Atari2600_input_16d0_127e_MiSTer-A1_JogCon_v3.map": {
            "hash": "3e05744150b6774a4383d6795fdd37bc",
            "size": 128,
            "overwrite": false
        },
        "config/inputs/GAMEBOY_input_16d0_127e_ReflexVboy_v3.map": {
            "hash": "149113522ae0214a7868df4f4d52d385",
            "size": 128,
            "overwrite": false
        },
        "config/inputs/ATARI7800_input_16d0_127e_ReflexSMS_v3.map": {
            "hash": "5b14ee25ae1abcd268bfd2ec1c07befc",
            "size": 128,
            "overwrite": false
        },
        "config/inputs/ATARI7800_input_16d0_127e_ReflexPSDS1_v3.map": {
            "hash": "c18c61d85cd96d242c791b01ad39896a",
            "size": 128,
            "overwrite": false
        },
        "config/inputs/SGB_input_16d0_127e_Reflex3DO_v3.map": {
            "hash": "7b806bf91206da06f704b02126795786",
            "size": 128,
            "overwrite": false
        },
        "config/inputs/S32X_input_16d0_127e_ReflexWii_v3.map": {
            "hash": "9590bf10ac9082c5035827af9eb5f6ad",
            "size": 128,
            "overwrite": false
        },
        "config/inputs/ATARI7800_input_16d0_127e_ReflexWii_v3.map": {
            "hash": "269305ef3efb29305d933f93550f6ee6",
            "size": 128,
            "overwrite": false
        },
        "config/inputs/VECTREX_input_16d0_127e_ReflexPSDS1_v3.map": {
            "hash": "11d8c0fe980d013c0238c7ae1c45730f",
            "size": 128,
            "overwrite": false
        },
        "config/inputs/GBA_input_16d0_127e_ReflexNeoGeo_v3.map": {
            "hash": "7be0a455be05342e2021bd36571ee817",
            "size": 128,
            "overwrite": false
        },
        "config/inputs/S32X_input_16d0_127e_ReflexSat_v3.map": {
            "hash": "c1715f5cef75704bf03bb6e741e7b438",
            "size": 128,
            "overwrite": false
        },
        "config/inputs/GBA2P_input_16d0_127e_ReflexGC_v3.map": {
            "hash": "15148880d696bddb5c942dade5d71876",
            "size": 128,
            "overwrite": false
        },
        "config/inputs/SGB_input_16d0_127e_ReflexGC_v3.map": {
            "hash": "12f203c010d1af819ace3f4d049acf52",
            "size": 128,
            "overwrite": false
        },
        "config/inputs/MegaDuck_input_16d0_127e_ReflexJag_v3.map": {
            "hash": "f7f88ba8f5dda916d3760a1e647cdb5e",
            "size": 128,
            "overwrite": false
        },
        "config/inputs/input_16d0_127e_ReflexWii_v3.map": {
            "hash": "506236a7e89fb16129fec2671ad10286",
            "size": 128,
            "overwrite": false
        },
        "config/inputs/SMS_input_16d0_127e_ReflexSNESNTT_v3.map": {
            "hash": "b21b1afb7816ed516286762dbbc59e97",
            "size": 128,
            "overwrite": false
        },
        "config/inputs/cclimber_input_16d0_127e_ReflexVboy_v3.map": {
            "hash": "5d2907f2180d599bbdd12658967b1f33",
            "size": 128,
            "overwrite": false
        },
        "config/inputs/Atari2600_input_16d0_127e_ReflexWii_v3.map": {
            "hash": "78f8bf8922263f97ebae7b13d46eb7c0",
            "size": 128,
            "overwrite": false
        },
        "config/inputs/Atari2600_input_16d0_127e_ReflexGC_v3.map": {
            "hash": "76d5b4dde5f59f294eb67db2d6b03b35",
            "size": 128,
            "overwrite": false
        },
        "config/inputs/GBC_input_16d0_127e_ReflexPSDS1_v3.map": {
            "hash": "e10f948acb523f5722de8d2e87a3a5fd",
            "size": 128,
            "overwrite": false
        },
        "config/inputs/SMS_input_16d0_127e_ReflexGC_v3.map": {
            "hash": "e5070d67da5420eda88e07eca441a62e",
            "size": 128,
            "overwrite": false
        },
        "config/inputs/TGFX16_input_16d0_127e_ReflexVboy_v3.map": {
            "hash": "a090d565efdbfbd20f44044ab751f521",
            "size": 128,
            "overwrite": false
        },
        "config/inputs/Saturn_input_16d0_127e_ReflexJag_v3.map": {
            "hash": "4cccf2385a9be9431c784b5277fe0fad",
            "size": 128,
            "overwrite": false
        },
        "config/inputs/Genesis_input_16d0_127e_ReflexSat_v3.map": {
            "hash": "c1715f5cef75704bf03bb6e741e7b438",
            "size": 128,
            "overwrite": false
        },
        "config/inputs/Saturn_input_16d0_127e_Reflex3DO_v3.map": {
            "hash": "fed26c0b58b49c6ccd7eb382cdd393dc",
            "size": 128,
            "overwrite": false
        },
        "config/inputs/GAMEBOY2P_input_16d0_127e_ReflexSNESNTT_v3.map": {
            "hash": "073391d33182518df42752ccf6d7f988",
            "size": 128,
            "overwrite": false
        },
        "config/inputs/Genesis_input_16d0_127e_ReflexNeoGeo_v3.map": {
            "hash": "ad74aa75f2afc89a3ee59dafcd411f02",
            "size": 128,
            "overwrite": false
        },
        "config/inputs/SNES_input_16d0_127e_Reflex3DO_v3.map": {
            "hash": "7b806bf91206da06f704b02126795786",
            "size": 128,
            "overwrite": false
        },
        "config/inputs/GameNWatch_input_16d0_127e_MiSTer-A1_JogCon_v3.map": {
            "hash": "bf26ecbf6d908075a3b481fec923f309",
            "size": 128,
            "overwrite": false
        },
        "config/inputs/SMS_input_16d0_127e_ReflexWii_v3.map": {
            "hash": "befa18af620964afa5b6f057b218a0c7",
            "size": 128,
            "overwrite": false
        },
        "config/inputs/MegaDrive_input_16d0_127e_ReflexNeoGeo_v3.map": {
            "hash": "ad74aa75f2afc89a3ee59dafcd411f02",
            "size": 128,
            "overwrite": false
        },
        "config/inputs/Genesis_input_16d0_127e_Reflex3DO_v3.map": {
            "hash": "edc44674cb38535535702ec556d94c9f",
            "size": 128,
            "overwrite": false
        },
        "config/inputs/GameNWatch_input_16d0_127e_ReflexPCE_v3.map": {
            "hash": "e21909cf2d0c632be2a579385abbf404",
            "size": 128,
            "overwrite": false
        },
        "config/inputs/Genesis_input_16d0_127e_ReflexPSDS1_v3.map": {
            "hash": "65da72e40bcb9e48bff311aa56931d58",
            "size": 128,
            "overwrite": false
        },
        "config/inputs/AtariLynx_input_16d0_127e_ReflexGC_v3.map": {
            "hash": "0d7bac3f8271f2a9fadb609bce6d2ba7",
            "size": 128,
            "overwrite": false
        },
        "config/inputs/WonderSwan_input_16d0_127e_MiSTer-A1_JogCon_v3.map": {
            "hash": "276aa34ac374109356e8c8eec99eeac9",
            "size": 128,
            "overwrite": false
        },
        "config/inputs/Atari2600_input_16d0_127e_ReflexN64_v3.map": {
            "hash": "9e792ed8e2e7078fa3498f04d829b42c",
            "size": 128,
            "overwrite": false
        },
        "config/inputs/TGFX16_input_16d0_127e_ReflexWii_v3.map": {
            "hash": "dd7242fc7ffdfb055a0104d71400d9af",
            "size": 128,
            "overwrite": false
        },
        "config/inputs/N64_input_16d0_127e_ReflexPSDS1_v3.map": {
            "hash": "2505164e655740fe38e570dcaf09534e",
            "size": 128,
            "overwrite": false
        },
        "config/inputs/GBA2P_input_16d0_127e_ReflexWii_v3.map": {
            "hash": "278b1b144e749276fb1cf2a9df557be1",
            "size": 128,
            "overwrite": false
        },
        "config/inputs/SNES_input_16d0_127e_ReflexNeoGeo_v3.map": {
            "hash": "4fa2085cd83ffc0b3c61626db843b599",
            "size": 128,
            "overwrite": false
        },
        "config/inputs/GBA2P_input_16d0_127e_ReflexSat_v3.map": {
            "hash": "dc13397a5a984369f153c0142f0d93a2",
            "size": 128,
            "overwrite": false
        },
        "config/inputs/NEOGEO_input_16d0_127e_ReflexJag_v3.map": {
            "hash": "4a19e771131525292fb9894b6ae88aae",
            "size": 128,
            "overwrite": false
        },
        "config/inputs/ATARI7800_input_16d0_127e_ReflexSNESNTT_v3.map": {
            "hash": "e2136052933310a9c2bdac926d8ba694",
            "size": 128,
            "overwrite": false
        },
        "config/inputs/ATARI7800_input_16d0_127e_ReflexPCE_v3.map": {
            "hash": "79f6d7a9ce213768375022ee73f8c330",
            "size": 128,
            "overwrite": false
        },
        "config/inputs/SNES_input_16d0_127e_ReflexVboy_v3.map": {
            "hash": "8b75f575e2cfb542593e7e42e0a94980",
            "size": 128,
            "overwrite": false
        },
        "config/inputs/SGB_input_16d0_127e_ReflexJag_v3.map": {
            "hash": "7d6b735b41574ebbfe410778ba0fa779",
            "size": 128,
            "overwrite": false
        },
        "config/inputs/SMS_input_16d0_127e_Reflex3DO_v3.map": {
            "hash": "b21b1afb7816ed516286762dbbc59e97",
            "size": 128,
            "overwrite": false
        },
        "config/inputs/VECTREX_input_16d0_127e_ReflexSMS_v3.map": {
            "hash": "5b14ee25ae1abcd268bfd2ec1c07befc",
            "size": 128,
            "overwrite": false
        },
        "config/inputs/ATARI7800_input_16d0_127e_ReflexN64_v3.map": {
            "hash": "9e792ed8e2e7078fa3498f04d829b42c",
            "size": 128,
            "overwrite": false
        },
        "config/inputs/GBA_input_16d0_127e_ReflexN64_v3.map": {
            "hash": "e8120015756330c1bb87bbfa22418037",
            "size": 128,
            "overwrite": false
        },
        "config/inputs/SMS_input_16d0_127e_ReflexPSDS1_v3.map": {
            "hash": "b21b1afb7816ed516286762dbbc59e97",
            "size": 128,
            "overwrite": false
        },
        "config/inputs/N64_input_16d0_127e_ReflexWii_v3.map": {
            "hash": "0887786a488623cef6c017c3f94454b4",
            "size": 128,
            "overwrite": false
        },
        "config/inputs/MegaCD_input_16d0_127e_ReflexN64_v3.map": {
            "hash": "6bfc699ad102921e58b14a9e163b3f26",
            "size": 128,
            "overwrite": false
        },
        "config/inputs/SMS_input_16d0_127e_ReflexPSGun_v3.map": {
            "hash": "b97adcdd49dd1cef3e58fe5477863330",
            "size": 128,
            "overwrite": false
        },
        "config/inputs/NEOGEO_input_16d0_127e_ReflexPSDS1_v3.map": {
            "hash": "973bb0ee76e68895b04179d905d3e7b6",
            "size": 128,
            "overwrite": false
        },
        "config/inputs/WonderSwan_input_16d0_127e_ReflexN64_v3.map": {
            "hash": "a45239d0445fc28a7e6e78f0323775c1",
            "size": 128,
            "overwrite": false
        },
        "config/inputs/VECTREX_input_16d0_127e_ReflexVboy_v3.map": {
            "hash": "39c8f44310c39750c15475694783beca",
            "size": 128,
            "overwrite": false
        },
        "config/inputs/GBC_input_16d0_127e_ReflexWii_v3.map": {
            "hash": "ab4c46d4d903040466fed530f58ff4ac",
            "size": 128,
            "overwrite": false
        },
        "config/inputs/MegaDuck_input_16d0_127e_ReflexWii_v3.map": {
            "hash": "745274d5bc43a3c11d7e1e1119823d01",
            "size": 128,
            "overwrite": false
        },
        "config/inputs/MegaDrive_input_16d0_127e_ReflexPSDS1_v3.map": {
            "hash": "65da72e40bcb9e48bff311aa56931d58",
            "size": 128,
            "overwrite": false
        },
        "config/inputs/GBA2P_input_16d0_127e_ReflexN64_v3.map": {
            "hash": "e8120015756330c1bb87bbfa22418037",
            "size": 128,
            "overwrite": false
        },
        "config/inputs/Atari2600_input_16d0_127e_ReflexSNESNTT_v3.map": {
            "hash": "e2136052933310a9c2bdac926d8ba694",
            "size": 128,
            "overwrite": false
        },
        "config/inputs/Genesis_input_16d0_127e_ReflexWii_v3.map": {
            "hash": "9590bf10ac9082c5035827af9eb5f6ad",
            "size": 128,
            "overwrite": false
        },
        "config/inputs/GBA_input_16d0_127e_ReflexGC_v3.map": {
            "hash": "15148880d696bddb5c942dade5d71876",
            "size": 128,
            "overwrite": false
        },
        "config/inputs/input_16d0_127e_ReflexJag_v3.map": {
            "hash": "c2e41498becfaf87598b491514f302a9",
            "size": 128,
            "overwrite": false
        },
        "config/inputs/S32X_input_16d0_127e_ReflexVboy_v3.map": {
            "hash": "e27ca62776f64df8e041b0b9923f3c77",
            "size": 128,
            "overwrite": false
        },
        "config/inputs/Saturn_input_16d0_127e_ReflexWii_v3.map": {
            "hash": "6052cd89eaf814d491278c4d610f67a4",
            "size": 128,
            "overwrite": false
        },
        "config/inputs/MegaDuck_input_16d0_127e_ReflexVboy_v3.map": {
            "hash": "149113522ae0214a7868df4f4d52d385",
            "size": 128,
            "overwrite": false
        },
        "config/inputs/MegaDuck_input_16d0_127e_Reflex3DO_v3.map": {
            "hash": "073391d33182518df42752ccf6d7f988",
            "size": 128,
            "overwrite": false
        },
        "config/inputs/input_16d0_127e_ReflexSNESNTT_v3.map": {
            "hash": "90f4ed4da65644eb2d673e9b77dca6b7",
            "size": 128,
            "overwrite": false
        },
        "config/inputs/VECTREX_input_16d0_127e_ReflexSat_v3.map": {
            "hash": "2f963d9968546a151258d27451a16bab",
            "size": 128,
            "overwrite": false
        },
        "config/inputs/GameGear_input_16d0_127e_ReflexNeoGeo_v3.map": {
            "hash": "b21b1afb7816ed516286762dbbc59e97",
            "size": 128,
            "overwrite": false
        },
        "config/inputs/GAMEBOY2P_input_16d0_127e_ReflexVboy_v3.map": {
            "hash": "192ae4f92515c043a5f7f424567c54aa",
            "size": 128,
            "overwrite": false
        },
        "config/inputs/GBC_input_16d0_127e_ReflexGC_v3.map": {
            "hash": "80f25878ea2863a160075abadb21887e",
            "size": 128,
            "overwrite": false
        },
        "config/inputs/input_16d0_127e_ReflexVboy_v3.map": {
            "hash": "beb3bf2d96e43e028bd0b0082b0628f3",
            "size": 128,
            "overwrite": false
        },
        "config/inputs/PSX_input_16d0_127e_ReflexSNESNTT_v3.map": {
            "hash": "9f4266243dde6d6e5eb83cef7af42c91",
            "size": 128,
            "overwrite": false
        },
        "config/inputs/WonderSwan_input_16d0_127e_Reflex3DO_v3.map": {
            "hash": "6530892d2672aec042d07a66b6962eb5",
            "size": 128,
            "overwrite": false
        },
        "config/inputs/WonderSwanColor_input_16d0_127e_ReflexNeoGeo_v3.map": {
            "hash": "6530892d2672aec042d07a66b6962eb5",
            "size": 128,
            "overwrite": false
        },
        "config/inputs/SNES_input_16d0_127e_ReflexGC_v3.map": {
            "hash": "12f203c010d1af819ace3f4d049acf52",
            "size": 128,
            "overwrite": false
        },
        "config/inputs/GameGear_input_16d0_127e_Reflex3DO_v3.map": {
            "hash": "b21b1afb7816ed516286762dbbc59e97",
            "size": 128,
            "overwrite": false
        },
        "config/inputs/GAMEBOY2P_input_16d0_127e_ReflexGC_v3.map": {
            "hash": "4cf25a36838e0a8293d832005d7022f9",
            "size": 128,
            "overwrite": false
        },
        "config/inputs/Atari2600_input_16d0_127e_ReflexJag_v3.map": {
            "hash": "a6f8026a4aad40fbfc843b4a0f155489",
            "size": 128,
            "overwrite": false
        },
        "config/inputs/N64_input_16d0_127e_ReflexSNESNTT_v3.map": {
            "hash": "8511f2acbdcf60679f76d0e51d84dab5",
            "size": 128,
            "overwrite": false
        },
        "config/inputs/N64_input_16d0_127e_ReflexNeoGeo_v3.map": {
            "hash": "d93d8691a053d3560391f5fc1c9c4045",
            "size": 128,
            "overwrite": false
        },
        "config/inputs/GBA2P_input_16d0_127e_ReflexNeoGeo_v3.map": {
            "hash": "7be0a455be05342e2021bd36571ee817",
            "size": 128,
            "overwrite": false
        },
        "config/inputs/ATARI7800_input_16d0_127e_ReflexSat_v3.map": {
            "hash": "b98771404bcfc283987d2ae3fac561d1",
            "size": 128,
            "overwrite": false
        },
        "config/inputs/NEOGEO_input_16d0_127e_ReflexSat_v3.map": {
            "hash": "386f4dd04884fc80bc3cb822d74086aa",
            "size": 128,
            "overwrite": false
        },
        "config/inputs/GBC_input_16d0_127e_ReflexSat_v3.map": {
            "hash": "c2b3a6a835a06d7f81d5e2f9aad04e8d",
            "size": 128,
            "overwrite": false
        },
        "config/inputs/GBA_input_16d0_127e_ReflexPSDS1_v3.map": {
            "hash": "00ec4312a543c687f770fab620d57a45",
            "size": 128,
            "overwrite": false
        },
        "config/inputs/GAMEBOY2P_input_16d0_127e_ReflexNeoGeo_v3.map": {
            "hash": "073391d33182518df42752ccf6d7f988",
            "size": 128,
            "overwrite": false
        },
        "config/inputs/GAMEBOY2P_input_16d0_127e_ReflexPSDS1_v3.map": {
            "hash": "834cdc4717fa52ca2fec32b131c44ef4",
            "size": 128,
            "overwrite": false
        },
        "config/inputs/WonderSwan_input_16d0_127e_ReflexVboy_v3.map": {
            "hash": "c18f43f22021dacc6c2b84a421fa4b9d",
            "size": 128,
            "overwrite": false
        },
        "config/inputs/SNES_input_16d0_127e_ReflexPSDS1_v3.map": {
            "hash": "8b75f575e2cfb542593e7e42e0a94980",
            "size": 128,
            "overwrite": false
        },
        "config/inputs/Genesis_input_16d0_127e_ReflexGC_v3.map": {
            "hash": "f0014b3a27be3a73000f92a9b1eb1a70",
            "size": 128,
            "overwrite": false
        },
        "config/inputs/MegaCD_input_16d0_127e_ReflexJag_v3.map": {
            "hash": "7aa15405c38c8862cdcb766a45c5a290",
            "size": 128,
            "overwrite": false
        },
        "config/inputs/TGFX16_input_16d0_127e_ReflexJag_v3.map": {
            "hash": "c6435e61f39b92188b870d8ef8f5f562",
            "size": 128,
            "overwrite": false
        },
        "config/inputs/input_16d0_127e_MiSTer-A1_JogCon_v3.map": {
            "hash": "1a5b96ddcb5bf1389cdcf74ad08410b2",
            "size": 128,
            "overwrite": false
        },
        "config/inputs/AtariLynx_input_16d0_127e_ReflexVboy_v3.map": {
            "hash": "4c158e559b4a63cfed9b0e414bdb7d2a",
            "size": 128,
            "overwrite": false
        },
        "config/inputs/input_16d0_127e_ReflexSat_v3.map": {
            "hash": "bba4133e6c0994c64704eefe8832b09b",
            "size": 128,
            "overwrite": false
        },
        "config/inputs/TGFX16_input_16d0_127e_ReflexPCE_v3.map": {
            "hash": "01aa042122a387d3dc37e08fa6094f33",
            "size": 128,
            "overwrite": false
        },
        "config/inputs/WonderSwan_input_16d0_127e_ReflexGC_v3.map": {
            "hash": "f5b43642fca9bacb8f8c3cc59ce2ea3d",
            "size": 128,
            "overwrite": false
        },
        "config/inputs/GAMEBOY2P_input_16d0_127e_Reflex3DO_v3.map": {
            "hash": "073391d33182518df42752ccf6d7f988",
            "size": 128,
            "overwrite": false
        },
        "config/inputs/PSX_input_16d0_127e_ReflexPSGun_v3.map": {
            "hash": "a9b44573254213fdfb3273d4d99ef493",
            "size": 128,
            "overwrite": false
        },
        "config/inputs/AtariLynx_input_16d0_127e_ReflexPSDS1_v3.map": {
            "hash": "ac4fbf658a3c8a4660646ded31a6a66f",
            "size": 128,
            "overwrite": false
        },
        "config/inputs/SMS_input_16d0_127e_ReflexNeoGeo_v3.map": {
            "hash": "b21b1afb7816ed516286762dbbc59e97",
            "size": 128,
            "overwrite": false
        },
        "config/inputs/MegaDrive_input_16d0_127e_ReflexWii_v3.map": {
            "hash": "9590bf10ac9082c5035827af9eb5f6ad",
            "size": 128,
            "overwrite": false
        },
        "config/inputs/WonderSwanColor_input_16d0_127e_ReflexGC_v3.map": {
            "hash": "f5b43642fca9bacb8f8c3cc59ce2ea3d",
            "size": 128,
            "overwrite": false
        },
        "config/inputs/TGFX16_input_16d0_127e_ReflexGC_v3.map": {
            "hash": "5128c562ec0c8c497cb91abfe2289c28",
            "size": 128,
            "overwrite": false
        },
        "config/inputs/PSX_input_16d0_127e_MiSTer-A1_JogCon_v3.map": {
            "hash": "0903e3574df9155701da8b407ad74f0f",
            "size": 128,
            "overwrite": false
        },
        "config/inputs/GBA2P_input_16d0_127e_ReflexVboy_v3.map": {
            "hash": "f05ab4588dc8ab730cc7cf66bc28f806",
            "size": 128,
            "overwrite": false
        },
        "config/inputs/S32X_input_16d0_127e_ReflexGC_v3.map": {
            "hash": "f0014b3a27be3a73000f92a9b1eb1a70",
            "size": 128,
            "overwrite": false
        },
        "config/inputs/GBA2P_input_16d0_127e_ReflexPCE_v3.map": {
            "hash": "3ec4b972b5ff3a974ce75ce17ae0ed7f",
            "size": 128,
            "overwrite": false
        },
        "config/inputs/SMS_input_16d0_127e_ReflexJag_v3.map": {
            "hash": "75c30d97473876882a19de03b9245493",
            "size": 128,
            "overwrite": false
        },
        "config/inputs/Atari2600_input_16d0_127e_ReflexPSDS1_v3.map": {
            "hash": "05bf799747e4dae7778fdf4f7fb15013",
            "size": 128,
            "overwrite": false
        },
        "config/inputs/NEOGEO_input_16d0_127e_ReflexN64_v3.map": {
            "hash": "e6034007a86a36b79b71b8550c2d25b7",
            "size": 128,
            "overwrite": false
        },
        "config/inputs/SGB_input_16d0_127e_ReflexSNESNTT_v3.map": {
            "hash": "8b75f575e2cfb542593e7e42e0a94980",
            "size": 128,
            "overwrite": false
        },
        "config/inputs/NEOGEO_input_16d0_127e_ReflexPCE_v3.map": {
            "hash": "69c95dd733d399a192f8e9f3975c8351",
            "size": 128,
            "overwrite": false
        },
        "config/inputs/GameNWatch_input_16d0_127e_Reflex3DO_v3.map": {
            "hash": "e2e051caf72b804b13a110e8d95a6785",
            "size": 128,
            "overwrite": false
        },
        "config/inputs/MegaDuck_input_16d0_127e_ReflexNeoGeo_v3.map": {
            "hash": "073391d33182518df42752ccf6d7f988",
            "size": 128,
            "overwrite": false
        },
        "config/inputs/PSX_input_16d0_127e_ReflexPCE_v3.map": {
            "hash": "4ef5b242c7cc87efaa6aebceb11f168f",
            "size": 128,
            "overwrite": false
        },
        "config/inputs/GameGear_input_16d0_127e_ReflexJag_v3.map": {
            "hash": "75c30d97473876882a19de03b9245493",
            "size": 128,
            "overwrite": false
        },
        "config/inputs/WonderSwan_input_16d0_127e_ReflexSNESNTT_v3.map": {
            "hash": "8abc350941232e63eaf700dd053bc540",
            "size": 128,
            "overwrite": false
        },
        "config/inputs/GAMEBOY_input_16d0_127e_MiSTer-A1_JogCon_v3.map": {
            "hash": "f9108913b794d700e5bdb32219d6cd79",
            "size": 128,
            "overwrite": false
        },
        "config/inputs/N64_input_16d0_127e_ReflexSat_v3.map": {
            "hash": "0f318b41a01c4f41d32185b551c181f6",
            "size": 128,
            "overwrite": false
        },
        "config/inputs/GAMEBOY2P_input_16d0_127e_ReflexSat_v3.map": {
            "hash": "3e413b8522aa7d9e29ac9545bb944738",
            "size": 128,
            "overwrite": false
        },
        "config/inputs/Atari2600_input_16d0_127e_ReflexPCE_v3.map": {
            "hash": "79f6d7a9ce213768375022ee73f8c330",
            "size": 128,
            "overwrite": false
        },
        "config/inputs/SNES_input_16d0_127e_ReflexSat_v3.map": {
            "hash": "62fbe95606a3ce009f9749b9899e88a3",
            "size": 128,
            "overwrite": false
        },
        "config/inputs/Genesis_input_16d0_127e_ReflexSNESNTT_v3.map": {
            "hash": "65da72e40bcb9e48bff311aa56931d58",
            "size": 128,
            "overwrite": false
        },
        "config/inputs/GameNWatch_input_16d0_127e_ReflexSat_v3.map": {
            "hash": "8148d37c9eddd328445a02498300ff2e",
            "size": 128,
            "overwrite": false
        },
        "config/inputs/Saturn_input_16d0_127e_ReflexPCE_v3.map": {
            "hash": "e5df2c40b5c3eeb15f733a304b833860",
            "size": 128,
            "overwrite": false
        },
        "config/inputs/NEOGEO_input_16d0_127e_ReflexNeoGeo_v3.map": {
            "hash": "4a82baf8775a6f63e0a3d67c99a31c8e",
            "size": 128,
            "overwrite": false
        },
        "config/inputs/ATARI7800_input_16d0_127e_ReflexNeoGeo_v3.map": {
            "hash": "f876909d63ce61efdf0b23ff5669b246",
            "size": 128,
            "overwrite": false
        },
        "config/inputs/AtariLynx_input_16d0_127e_ReflexSMS_v3.map": {
            "hash": "7ae53dc899cfac309d3a56dd2f083c0d",
            "size": 128,
            "overwrite": false
        },
        "config/inputs/GBA_input_16d0_127e_MiSTer-A1_JogCon_v3.map": {
            "hash": "77b0928fc27f5a12674e24f5d2312d51",
            "size": 128,
            "overwrite": false
        },
        "config/inputs/GAMEBOY_input_16d0_127e_ReflexPSDS1_v3.map": {
            "hash": "fbaf2152b9e88e3254d9c41944707e23",
            "size": 128,
            "overwrite": false
        },
        "config/inputs/NEOGEO_input_16d0_127e_ReflexSNESNTT_v3.map": {
            "hash": "973bb0ee76e68895b04179d905d3e7b6",
            "size": 128,
            "overwrite": false
        },
        "config/inputs/GAMEBOY_input_16d0_127e_Reflex3DO_v3.map": {
            "hash": "073391d33182518df42752ccf6d7f988",
            "size": 128,
            "overwrite": false
        },
        "config/inputs/ATARI7800_input_16d0_127e_ReflexVboy_v3.map": {
            "hash": "042d1789b6a94b85d11c894fe8009bc2",
            "size": 128,
            "overwrite": false
        },
        "config/inputs/GBC_input_16d0_127e_MiSTer-A1_JogCon_v3.map": {
            "hash": "f9108913b794d700e5bdb32219d6cd79",
            "size": 128,
            "overwrite": false
        },
        "config/inputs/S32X_input_16d0_127e_Reflex3DO_v3.map": {
            "hash": "edc44674cb38535535702ec556d94c9f",
            "size": 128,
            "overwrite": false
        },
        "config/inputs/PSX_input_16d0_127e_ReflexWii_v3.map": {
            "hash": "223c222e923a1553fbac4b43e9af0db1",
            "size": 128,
            "overwrite": false
        },
        "config/inputs/GameGear_input_16d0_127e_ReflexWii_v3.map": {
            "hash": "befa18af620964afa5b6f057b218a0c7",
            "size": 128,
            "overwrite": false
        },
        "config/inputs/MegaCD_input_16d0_127e_MiSTer-A1_JogCon_v3.map": {
            "hash": "e24484817f0c90b786c39841abdeaafa",
            "size": 128,
            "overwrite": false
        },
        "config/inputs/GBA2P_input_16d0_127e_Reflex3DO_v3.map": {
            "hash": "24c1c4a4b872a7449559bde4fc35a5ee",
            "size": 128,
            "overwrite": false
        },
        "config/inputs/SGB_input_16d0_127e_MiSTer-A1_JogCon_v3.map": {
            "hash": "ad6f988ade164e8b6df27f14516fe113",
            "size": 128,
            "overwrite": false
        },
        "config/inputs/N64_input_16d0_127e_ReflexN64_v3.map": {
            "hash": "b8b3487cd1015a7be1aba25e65ef6ddb",
            "size": 128,
            "overwrite": false
        },
        "config/inputs/WonderSwan_input_16d0_127e_ReflexWii_v3.map": {
            "hash": "7422c5b2e938495990c954e39ab5b2c9",
            "size": 128,
            "overwrite": false
        },
        "config/inputs/GAMEBOY2P_input_16d0_127e_ReflexJag_v3.map": {
            "hash": "d63f627e2b145f4c23c6403bd4908ccc",
            "size": 128,
            "overwrite": false
        },
        "config/inputs/GBA_input_16d0_127e_ReflexWii_v3.map": {
            "hash": "ed6777973a7f36e5e311a4e2d8664b17",
            "size": 128,
            "overwrite": false
        },
        "config/inputs/GBC_input_16d0_127e_ReflexN64_v3.map": {
            "hash": "5765af73a5c744b9f660cc0e851f0484",
            "size": 128,
            "overwrite": false
        },
        "config/inputs/MegaDuck_input_16d0_127e_ReflexGC_v3.map": {
            "hash": "4cf25a36838e0a8293d832005d7022f9",
            "size": 128,
            "overwrite": false
        },
        "config/inputs/AtariLynx_input_16d0_127e_Reflex3DO_v3.map": {
            "hash": "43beb0814560254ed896ac60604476c8",
            "size": 128,
            "overwrite": false
        },
        "config/inputs/NES_input_16d0_127e_ReflexPSDS1_v3.map": {
            "hash": "a77cee85be33e958a8c372ff80dc4199",
            "size": 128,
            "overwrite": false
        },
        "config/inputs/NES_input_16d0_127e_ReflexPSGun_v3.map": {
            "hash": "00e3ec87a3d2b6e629c47f862b727f52",
            "size": 128,
            "overwrite": false
        },
        "config/inputs/ATARI7800_input_16d0_127e_ReflexJag_v3.map": {
            "hash": "f234fdacbf914e929beb90b68c73aedb",
            "size": 128,
            "overwrite": false
        },
        "config/inputs/NES_input_16d0_127e_ReflexVboy_v3.map": {
            "hash": "8e60ea485b4fd860242040bdf31eb098",
            "size": 128,
            "overwrite": false
        },
        "config/inputs/MegaCD_input_16d0_127e_ReflexSat_v3.map": {
            "hash": "c1715f5cef75704bf03bb6e741e7b438",
            "size": 128,
            "overwrite": false
        },
        "config/inputs/GameGear_input_16d0_127e_ReflexSMS_v3.map": {
            "hash": "5b14ee25ae1abcd268bfd2ec1c07befc",
            "size": 128,
            "overwrite": false
        },
        "config/inputs/PSX_input_16d0_127e_ReflexVboy_v3.map": {
            "hash": "73c616ad148b0812f9d3ac7f9e085cd6",
            "size": 128,
            "overwrite": false
        },
        "config/inputs/GameNWatch_input_16d0_127e_ReflexSNESNTT_v3.map": {
            "hash": "ccedf115bd643905e0e255d5a44d6f87",
            "size": 128,
            "overwrite": false
        },
        "config/inputs/MegaCD_input_16d0_127e_Reflex3DO_v3.map": {
            "hash": "edc44674cb38535535702ec556d94c9f",
            "size": 128,
            "overwrite": false
        },
        "config/inputs/S32X_input_16d0_127e_ReflexN64_v3.map": {
            "hash": "6bfc699ad102921e58b14a9e163b3f26",
            "size": 128,
            "overwrite": false
        },
        "config/inputs/GameNWatch_input_16d0_127e_ReflexN64_v3.map": {
            "hash": "51c25e4a99786248bfa6c2ebad829abb",
            "size": 128,
            "overwrite": false
        },
        "config/inputs/MegaDuck_input_16d0_127e_MiSTer-A1_JogCon_v3.map": {
            "hash": "f9108913b794d700e5bdb32219d6cd79",
            "size": 128,
            "overwrite": false
        },
        "config/inputs/GAMEBOY_input_16d0_127e_ReflexJag_v3.map": {
            "hash": "f7f88ba8f5dda916d3760a1e647cdb5e",
            "size": 128,
            "overwrite": false
        },
        "config/inputs/GBC_input_16d0_127e_ReflexSNESNTT_v3.map": {
            "hash": "7798b516221ed4797735069152cf20ec",
            "size": 128,
            "overwrite": false
        },
        "config/inputs/Saturn_input_16d0_127e_ReflexPSDS1_v3.map": {
            "hash": "6052cd89eaf814d491278c4d610f67a4",
            "size": 128,
            "overwrite": false
        },
        "config/inputs/GAMEBOY_input_16d0_127e_ReflexSNESNTT_v3.map": {
            "hash": "7798b516221ed4797735069152cf20ec",
            "size": 128,
            "overwrite": false
        },
        "config/inputs/GBC_input_16d0_127e_ReflexJag_v3.map": {
            "hash": "f7f88ba8f5dda916d3760a1e647cdb5e",
            "size": 128,
            "overwrite": false
        },
        "config/inputs/pzloop2_input_16d0_127e_ReflexVboy_v3.map": {
            "hash": "abfb2647a0c2b3adfd7d0bcf2bdde190",
            "size": 128,
            "overwrite": false
        },
        "config/inputs/PSX_input_16d0_127e_ReflexGC_v3.map": {
            "hash": "35450d36268c4ed0270a445c3cecbb9d",
            "size": 128,
            "overwrite": false
        },
        "config/inputs/Genesis_input_16d0_127e_ReflexPCE_v3.map": {
            "hash": "f2685939d3728f0991681d85d76e2add",
            "size": 128,
            "overwrite": false
        },
        "config/inputs/GBA2P_input_16d0_127e_ReflexSNESNTT_v3.map": {
            "hash": "05c92acb6c3b674768dd53836bcfb788",
            "size": 128,
            "overwrite": false
        },
        "config/inputs/GBA_input_16d0_127e_ReflexPCE_v3.map": {
            "hash": "3ec4b972b5ff3a974ce75ce17ae0ed7f",
            "size": 128,
            "overwrite": false
        },
        "config/inputs/TGFX16_input_16d0_127e_ReflexN64_v3.map": {
            "hash": "05042c1b289603126a33cc3243ab280a",
            "size": 128,
            "overwrite": false
        },
        "config/inputs/GAMEBOY2P_input_16d0_127e_MiSTer-A1_JogCon_v3.map": {
            "hash": "ad5afff069cc9d2aee770103e45cd831",
            "size": 128,
            "overwrite": false
        },
        "config/inputs/SNES_input_16d0_127e_ReflexN64_v3.map": {
            "hash": "526a8bf0b1566317f630f5d936ba4c90",
            "size": 128,
            "overwrite": false
        },
        "config/inputs/NEOGEO_input_16d0_127e_Reflex3DO_v3.map": {
            "hash": "3ff66491975fb8adf02ed41e10f4dddc",
            "size": 128,
            "overwrite": false
        },
        "config/inputs/SGB_input_16d0_127e_ReflexWii_v3.map": {
            "hash": "12f203c010d1af819ace3f4d049acf52",
            "size": 128,
            "overwrite": false
        },
        "config/inputs/GameGear_input_16d0_127e_ReflexGC_v3.map": {
            "hash": "e48c6dd351cd2092a3a7ca574fa70036",
            "size": 128,
            "overwrite": false
        },
        "config/inputs/GAMEBOY2P_input_16d0_127e_ReflexPCE_v3.map": {
            "hash": "25ef24c7df2182fe35487a0962f223a0",
            "size": 128,
            "overwrite": false
        },
        "config/inputs/GameGear_input_16d0_127e_ReflexPCE_v3.map": {
            "hash": "5666dee73c73a2cf81d09f8431d50bf1",
            "size": 128,
            "overwrite": false
        },
        "config/inputs/forgottn_input_16d0_127e_ReflexVboy_v3.map": {
            "hash": "442cf5d120fb5969446480f9b75b1064",
            "size": 128,
            "overwrite": false
        },
        "config/inputs/input_16d0_127e_ReflexGC_v3.map": {
            "hash": "2922305f06ca68cdf5a9f6b940442f95",
            "size": 128,
            "overwrite": false
        },
        "config/inputs/input_16d0_127e_ReflexN64_v3.map": {
            "hash": "5f2666fc5cd3ec27bef344ae0c147597",
            "size": 128,
            "overwrite": false
        },
        "config/inputs/GameGear_input_16d0_127e_ReflexSat_v3.map": {
            "hash": "5249caa33daee97095d9adfcc896958b",
            "size": 128,
            "overwrite": false
        },
        "config/inputs/input_16d0_127e_ReflexSMS_v3.map": {
            "hash": "8ff391fb53a727baebe82b55e375dbf3",
            "size": 128,
            "overwrite": false
        },
        "config/inputs/Saturn_input_16d0_127e_MiSTer-A1_JogCon_v3.map": {
            "hash": "262ee68de3b65564a468c1b8c0c61cde",
            "size": 128,
            "overwrite": false
        },
        "config/inputs/Genesis_input_16d0_127e_ReflexVboy_v3.map": {
            "hash": "e27ca62776f64df8e041b0b9923f3c77",
            "size": 128,
            "overwrite": false
        },
        "config/inputs/MegaDrive_input_16d0_127e_ReflexPSGun_v3.map": {
            "hash": "1be6dabca3f8d830f895cb28d7809303",
            "size": 128,
            "overwrite": false
        },
        "config/inputs/WonderSwanColor_input_16d0_127e_ReflexPSDS1_v3.map": {
            "hash": "8abc350941232e63eaf700dd053bc540",
            "size": 128,
            "overwrite": false
        },
        "config/inputs/SMS_input_16d0_127e_ReflexN64_v3.map": {
            "hash": "b7269226f6acfaaa12a8be9fa249930e",
            "size": 128,
            "overwrite": false
        },
        "config/inputs/PSX_input_16d0_127e_ReflexN64_v3.map": {
            "hash": "7aa6920046a17346dc367c332e36f854",
            "size": 128,
            "overwrite": false
        },
        "config/inputs/MegaDrive_input_16d0_127e_Reflex3DO_v3.map": {
            "hash": "edc44674cb38535535702ec556d94c9f",
            "size": 128,
            "overwrite": false
        },
        "config/inputs/VECTREX_input_16d0_127e_ReflexPCE_v3.map": {
            "hash": "5c60381bf8b0bb67ce5f8a68edab42f1",
            "size": 128,
            "overwrite": false
        },
        "config/inputs/WonderSwanColor_input_16d0_127e_ReflexSNESNTT_v3.map": {
            "hash": "8abc350941232e63eaf700dd053bc540",
            "size": 128,
            "overwrite": false
        },
        "config/inputs/GAMEBOY_input_16d0_127e_ReflexGC_v3.map": {
            "hash": "4cf25a36838e0a8293d832005d7022f9",
            "size": 128,
            "overwrite": false
        },
        "config/inputs/VECTREX_input_16d0_127e_ReflexSNESNTT_v3.map": {
            "hash": "11d8c0fe980d013c0238c7ae1c45730f",
            "size": 128,
            "overwrite": false
        },
        "config/inputs/PSX_input_16d0_127e_ReflexPSWheel_v3.map": {
            "hash": "7051e58bf9928dd61c3ab5f2c9e7d30b",
            "size": 128,
            "overwrite": false
        },
        "config/inputs/S32X_input_16d0_127e_ReflexPSDS1_v3.map": {
            "hash": "65da72e40bcb9e48bff311aa56931d58",
            "size": 128,
            "overwrite": false
        },
        "config/inputs/NES_input_16d0_127e_ReflexSat_v3.map": {
            "hash": "3e413b8522aa7d9e29ac9545bb944738",
            "size": 128,
            "overwrite": false
        },
        "config/inputs/SMS_input_16d0_127e_MiSTer-A1_JogCon_v3.map": {
            "hash": "a6085c6397932ec43aa4c31e3a01dda4",
            "size": 128,
            "overwrite": false
        },
        "config/inputs/GAMEBOY_input_16d0_127e_ReflexN64_v3.map": {
            "hash": "ab4c46d4d903040466fed530f58ff4ac",
            "size": 128,
            "overwrite": false
        },
        "config/inputs/N64_input_16d0_127e_ReflexVboy_v3.map": {
            "hash": "1c75d14f5eab1464b338a2d78cc8a804",
            "size": 128,
            "overwrite": false
        },
        "config/inputs/Saturn_input_16d0_127e_ReflexSat_v3.map": {
            "hash": "719af973450860a43335e59df95047fa",
            "size": 128,
            "overwrite": false
        },
        "config/inputs/ATARI7800_input_16d0_127e_Reflex3DO_v3.map": {
            "hash": "f876909d63ce61efdf0b23ff5669b246",
            "size": 128,
            "overwrite": false
        },
        "config/inputs/SNES_input_16d0_127e_ReflexWii_v3.map": {
            "hash": "12f203c010d1af819ace3f4d049acf52",
            "size": 128,
            "overwrite": false
        },
        "config/inputs/Genesis_input_16d0_127e_ReflexPSGun_v3.map": {
            "hash": "1be6dabca3f8d830f895cb28d7809303",
            "size": 128,
            "overwrite": false
        },
        "config/inputs/ecofghtr_input_16d0_127e_ReflexVboy_v3.map": {
            "hash": "bcc78136547a6536aac5a7654543ece2",
            "size": 128,
            "overwrite": false
        },
        "config/inputs/S32X_input_16d0_127e_ReflexPCE_v3.map": {
            "hash": "f2685939d3728f0991681d85d76e2add",
            "size": 128,
            "overwrite": false
        },
        "config/inputs/MegaDrive_input_16d0_127e_ReflexSNESNTT_v3.map": {
            "hash": "65da72e40bcb9e48bff311aa56931d58",
            "size": 128,
            "overwrite": false
        },
        "config/inputs/Saturn_input_16d0_127e_ReflexVboy_v3.map": {
            "hash": "5ddd8899f8c47b0b529a55534f6963cd",
            "size": 128,
            "overwrite": false
        },
        "config/inputs/VECTREX_input_16d0_127e_ReflexJag_v3.map": {
            "hash": "cb5f491bcfa40138a0fc5a4939c87561",
            "size": 128,
            "overwrite": false
        },
        "config/inputs/GameNWatch_input_16d0_127e_ReflexJag_v3.map": {
            "hash": "23a5787a061c668df3c0ebf938a86081",
            "size": 128,
            "overwrite": false
        },
        "config/inputs/GameNWatch_input_16d0_127e_ReflexWii_v3.map": {
            "hash": "1640c343d3cabdd291345f1b16c2fe6b",
            "size": 128,
            "overwrite": false
        },
        "config/inputs/AtariLynx_input_16d0_127e_ReflexSNESNTT_v3.map": {
            "hash": "b337b0db0baa06b601e0cbc9d24ac05c",
            "size": 128,
            "overwrite": false
        },
        "config/inputs/VECTREX_input_16d0_127e_ReflexWii_v3.map": {
            "hash": "0651670cf2603135162c37954999e82f",
            "size": 128,
            "overwrite": false
        },
        "config/inputs/VECTREX_input_16d0_127e_ReflexGC_v3.map": {
            "hash": "61a50871a93d8d55153a2a846027bb1f",
            "size": 128,
            "overwrite": false
        },
        "config/inputs/NEOGEO_input_16d0_127e_MiSTer-A1_JogCon_v3.map": {
            "hash": "c150ca9ad24837ee3676b11eb8944d91",
            "size": 128,
            "overwrite": false
        },
        "config/inputs/MegaDuck_input_16d0_127e_ReflexSat_v3.map": {
            "hash": "c2b3a6a835a06d7f81d5e2f9aad04e8d",
            "size": 128,
            "overwrite": false
        },
        "config/inputs/MegaDuck_input_16d0_127e_ReflexSNESNTT_v3.map": {
            "hash": "7798b516221ed4797735069152cf20ec",
            "size": 128,
            "overwrite": false
        },
        "config/inputs/input_16d0_127e_ReflexPSDS1_v3.map": {
            "hash": "f1ed790c5b5601a7a7a6fc809a290c51",
            "size": 128,
            "overwrite": false
        },
        "config/inputs/NES_input_16d0_127e_ReflexPCE_v3.map": {
            "hash": "25ef24c7df2182fe35487a0962f223a0",
            "size": 128,
            "overwrite": false
        },
        "config/inputs/forgottn_input_16d0_127e_MiSTer-A1_JogCon_v3.map": {
            "hash": "b417c5b1713ed509fb215ae458421455",
            "size": 128,
            "overwrite": false
        },
        "config/inputs/Genesis_input_16d0_127e_ReflexN64_v3.map": {
            "hash": "6bfc699ad102921e58b14a9e163b3f26",
            "size": 128,
            "overwrite": false
        },
        "config/inputs/WonderSwanColor_input_16d0_127e_ReflexVboy_v3.map": {
            "hash": "c18f43f22021dacc6c2b84a421fa4b9d",
            "size": 128,
            "overwrite": false
        },
        "config/inputs/Saturn_input_16d0_127e_ReflexSNESNTT_v3.map": {
            "hash": "06f3ba873bd278f5b51bcb5b49b095e0",
            "size": 128,
            "overwrite": false
        },
        "config/inputs/MegaCD_input_16d0_127e_ReflexSNESNTT_v3.map": {
            "hash": "65da72e40bcb9e48bff311aa56931d58",
            "size": 128,
            "overwrite": false
        },
        "config/inputs/GameNWatch_input_16d0_127e_ReflexVboy_v3.map": {
            "hash": "f66a03558440bd616b0f12e13154dca7",
            "size": 128,
            "overwrite": false
        },
        "config/inputs/WonderSwanColor_input_16d0_127e_MiSTer-A1_JogCon_v3.map": {
            "hash": "276aa34ac374109356e8c8eec99eeac9",
            "size": 128,
            "overwrite": false
        },
        "config/inputs/GBA_input_16d0_127e_ReflexSNESNTT_v3.map": {
            "hash": "05c92acb6c3b674768dd53836bcfb788",
            "size": 128,
            "overwrite": false
        },
        "config/inputs/MegaCD_input_16d0_127e_ReflexPSGun_v3.map": {
            "hash": "1be6dabca3f8d830f895cb28d7809303",
            "size": 128,
            "overwrite": false
        },
        "config/inputs/VECTREX_input_16d0_127e_ReflexN64_v3.map": {
            "hash": "cfd8123bcff07c1caa75e338e637512b",
            "size": 128,
            "overwrite": false
        },
        "config/inputs/MegaDrive_input_16d0_127e_MiSTer-A1_JogCon_v3.map": {
            "hash": "e24484817f0c90b786c39841abdeaafa",
            "size": 128,
            "overwrite": false
        },
        "config/inputs/N64_input_16d0_127e_MiSTer-A1_JogCon_v3.map": {
            "hash": "ae0e24b831535c247463abf6840aa6c8",
            "size": 128,
            "overwrite": false
        },
        "config/inputs/TGFX16_input_16d0_127e_Reflex3DO_v3.map": {
            "hash": "b3a3e50821123f5a625a08d3e68be526",
            "size": 128,
            "overwrite": false
        },
        "config/inputs/Atari2600_input_16d0_127e_ReflexSat_v3.map": {
            "hash": "9a8ba19959477878bc9962a5efa317d1",
            "size": 128,
            "overwrite": false
        },
        "config/inputs/Genesis_input_16d0_127e_ReflexJag_v3.map": {
            "hash": "7aa15405c38c8862cdcb766a45c5a290",
            "size": 128,
            "overwrite": false
        },
        "config/inputs/MegaDrive_input_16d0_127e_ReflexPCE_v3.map": {
            "hash": "f2685939d3728f0991681d85d76e2add",
            "size": 128,
            "overwrite": false
        },
        "config/inputs/NES_input_16d0_127e_ReflexNeoGeo_v3.map": {
            "hash": "073391d33182518df42752ccf6d7f988",
            "size": 128,
            "overwrite": false
        },
        "config/inputs/GameNWatch_input_16d0_127e_ReflexPSDS1_v3.map": {
            "hash": "64071677d07d373e6de9e5fc42de4141",
            "size": 128,
            "overwrite": false
        },
        "config/inputs/NEOGEO_input_16d0_127e_ReflexVboy_v3.map": {
            "hash": "973bb0ee76e68895b04179d905d3e7b6",
            "size": 128,
            "overwrite": false
        },
        "config/inputs/Genesis_input_16d0_127e_MiSTer-A1_JogCon_v3.map": {
            "hash": "e24484817f0c90b786c39841abdeaafa",
            "size": 128,
            "overwrite": false
        },
        "config/inputs/SNES_input_16d0_127e_ReflexSNESNTT_v3.map": {
            "hash": "8b75f575e2cfb542593e7e42e0a94980",
            "size": 128,
            "overwrite": false
        },
        "config/inputs/WonderSwan_input_16d0_127e_ReflexNeoGeo_v3.map": {
            "hash": "6530892d2672aec042d07a66b6962eb5",
            "size": 128,
            "overwrite": false
        },
        "config/inputs/NES_input_16d0_127e_Reflex3DO_v3.map": {
            "hash": "073391d33182518df42752ccf6d7f988",
            "size": 128,
            "overwrite": false
        },
        "config/inputs/GBA_input_16d0_127e_ReflexSat_v3.map": {
            "hash": "dc13397a5a984369f153c0142f0d93a2",
            "size": 128,
            "overwrite": false
        },
        "config/inputs/NEOGEO_input_16d0_127e_ReflexGC_v3.map": {
            "hash": "fadec386dc8bd3db2934251e64d77ccd",
            "size": 128,
            "overwrite": false
        },
        "config/inputs/Atari2600_input_16d0_127e_Reflex3DO_v3.map": {
            "hash": "f876909d63ce61efdf0b23ff5669b246",
            "size": 128,
            "overwrite": false
        },
        "config/inputs/Saturn_input_16d0_127e_ReflexNeoGeo_v3.map": {
            "hash": "32ced694d7ad381899d38d29db5131ab",
            "size": 128,
            "overwrite": false
        },
        "config/inputs/ATARI7800_input_16d0_127e_MiSTer-A1_JogCon_v3.map": {
            "hash": "3e05744150b6774a4383d6795fdd37bc",
            "size": 128,
            "overwrite": false
        },
        "config/inputs/TGFX16_input_16d0_127e_ReflexPSDS1_v3.map": {
            "hash": "6b19d7a0ea059685634688163bf1c09e",
            "size": 128,
            "overwrite": false
        },
        "config/inputs/bwidow_input_16d0_127e_ReflexVboy_v3.map": {
            "hash": "1f53358186db0a03a2120ad38718290b",
            "size": 128,
            "overwrite": false
        },
        "config/inputs/PSX_input_16d0_127e_ReflexSat_v3.map": {
            "hash": "2217c654d9b724c4a034cd10523c7aa1",
            "size": 128,
            "overwrite": false
        },
        "config/inputs/MegaCD_input_16d0_127e_ReflexVboy_v3.map": {
            "hash": "e27ca62776f64df8e041b0b9923f3c77",
            "size": 128,
            "overwrite": false
        },
        "config/inputs/AtariLynx_input_16d0_127e_ReflexSat_v3.map": {
            "hash": "21fe7a81a2bee23a9fafc302240dc59c",
            "size": 128,
            "overwrite": false
        },
        "config/inputs/GameGear_input_16d0_127e_MiSTer-A1_JogCon_v3.map": {
            "hash": "a6085c6397932ec43aa4c31e3a01dda4",
            "size": 128,
            "overwrite": false
        },
        "config/inputs/NES_input_16d0_127e_ReflexN64_v3.map": {
            "hash": "7df3cd2f5dfb831f835078c3813e41d2",
            "size": 128,
            "overwrite": false
        },
        "config/inputs/S32X_input_16d0_127e_ReflexSNESNTT_v3.map": {
            "hash": "65da72e40bcb9e48bff311aa56931d58",
            "size": 128,
            "overwrite": false
        },
        "config/inputs/ATARI7800_input_16d0_127e_ReflexPSGun_v3.map": {
            "hash": "b97adcdd49dd1cef3e58fe5477863330",
            "size": 128,
            "overwrite": false
        },
        "config/inputs/SGB_input_16d0_127e_ReflexPSDS1_v3.map": {
            "hash": "8b75f575e2cfb542593e7e42e0a94980",
            "size": 128,
            "overwrite": false
        },
        "config/inputs/MegaDrive_input_16d0_127e_ReflexJag_v3.map": {
            "hash": "7aa15405c38c8862cdcb766a45c5a290",
            "size": 128,
            "overwrite": false
        },
        "config/inputs/WonderSwanColor_input_16d0_127e_Reflex3DO_v3.map": {
            "hash": "6530892d2672aec042d07a66b6962eb5",
            "size": 128,
            "overwrite": false
        },
        "config/inputs/PSX_input_16d0_127e_Reflex3DO_v3.map": {
            "hash": "f982f9b1d72e8ae52a2cce8d7ffaad5d",
            "size": 128,
            "overwrite": false
        },
        "config/inputs/WonderSwanColor_input_16d0_127e_ReflexWii_v3.map": {
            "hash": "7422c5b2e938495990c954e39ab5b2c9",
            "size": 128,
            "overwrite": false
        },
        "config/inputs/AtariLynx_input_16d0_127e_ReflexNeoGeo_v3.map": {
            "hash": "073391d33182518df42752ccf6d7f988",
            "size": 128,
            "overwrite": false
        },
        "config/inputs/GameNWatch_input_16d0_127e_ReflexNeoGeo_v3.map": {
            "hash": "5c1de1fae4f8a2af326b4f75cfe950dd",
            "size": 128,
            "overwrite": false
        },
        "config/inputs/GBC_input_16d0_127e_Reflex3DO_v3.map": {
            "hash": "073391d33182518df42752ccf6d7f988",
            "size": 128,
            "overwrite": false
        },
        "config/inputs/Saturn_input_16d0_127e_ReflexN64_v3.map": {
            "hash": "3ee5469d8a592c090cae3dbda31625e8",
            "size": 128,
            "overwrite": false
        },
        "config/inputs/SGB_input_16d0_127e_ReflexVboy_v3.map": {
            "hash": "b6d2fea6c6099114c45ec98f9f6175f5",
            "size": 128,
            "overwrite": false
        },
        "config/inputs/MegaDuck_input_16d0_127e_ReflexPCE_v3.map": {
            "hash": "25ef24c7df2182fe35487a0962f223a0",
            "size": 128,
            "overwrite": false
        },
        "config/inputs/input_16d0_127e_Reflex3DO_v3.map": {
            "hash": "54238151cb5d056ec8a02d301c7b3b03",
            "size": 128,
            "overwrite": false
        },
        "config/inputs/SGB_input_16d0_127e_ReflexNeoGeo_v3.map": {
            "hash": "4fa2085cd83ffc0b3c61626db843b599",
            "size": 128,
            "overwrite": false
        },
        "config/inputs/SGB_input_16d0_127e_ReflexSat_v3.map": {
            "hash": "62fbe95606a3ce009f9749b9899e88a3",
            "size": 128,
            "overwrite": false
        },
        "config/inputs/GameGear_input_16d0_127e_ReflexVboy_v3.map": {
            "hash": "a13af60bd315dcde5c542ceaacc1a696",
            "size": 128,
            "overwrite": false
        },
        "config/inputs/GAMEBOY_input_16d0_127e_ReflexWii_v3.map": {
            "hash": "ab4c46d4d903040466fed530f58ff4ac",
            "size": 128,
            "overwrite": false
        },
        "config/inputs/VECTREX_input_16d0_127e_ReflexNeoGeo_v3.map": {
            "hash": "11d8c0fe980d013c0238c7ae1c45730f",
            "size": 128,
            "overwrite": false
        },
        "config/inputs/WonderSwan_input_16d0_127e_ReflexPCE_v3.map": {
            "hash": "b5242185dff98021aa0ffbfbb1afcd97",
            "size": 128,
            "overwrite": false
        },
        "config/inputs/NES_input_16d0_127e_ReflexJag_v3.map": {
            "hash": "d63f627e2b145f4c23c6403bd4908ccc",
            "size": 128,
            "overwrite": false
        },
        "config/inputs/WonderSwanColor_input_16d0_127e_ReflexPCE_v3.map": {
            "hash": "b5242185dff98021aa0ffbfbb1afcd97",
            "size": 128,
            "overwrite": false
        },
        "config/inputs/N64_input_16d0_127e_ReflexGC_v3.map": {
            "hash": "d3a4c7b55f786089f5cab05cb1a3ee2d",
            "size": 128,
            "overwrite": false
        },
        "config/inputs/MegaCD_input_16d0_127e_ReflexNeoGeo_v3.map": {
            "hash": "ad74aa75f2afc89a3ee59dafcd411f02",
            "size": 128,
            "overwrite": false
        },
        "config/inputs/SNES_input_16d0_127e_ReflexPSGun_v3.map": {
            "hash": "9275a286e7dcfb98f24e68e246697cf7",
            "size": 128,
            "overwrite": false
        },
        "config/inputs/GAMEBOY2P_input_16d0_127e_ReflexWii_v3.map": {
            "hash": "ab4c46d4d903040466fed530f58ff4ac",
            "size": 128,
            "overwrite": false
        },
        "config/inputs/MegaCD_input_16d0_127e_ReflexPCE_v3.map": {
            "hash": "f2685939d3728f0991681d85d76e2add",
            "size": 128,
            "overwrite": false
        },
        "config/inputs/AtariLynx_input_16d0_127e_ReflexN64_v3.map": {
            "hash": "b337b0db0baa06b601e0cbc9d24ac05c",
            "size": 128,
            "overwrite": false
        },
        "config/inputs/GAMEBOY_input_16d0_127e_ReflexSat_v3.map": {
            "hash": "c2b3a6a835a06d7f81d5e2f9aad04e8d",
            "size": 128,
            "overwrite": false
        },
        "config/inputs/MegaDrive_input_16d0_127e_ReflexGC_v3.map": {
            "hash": "f0014b3a27be3a73000f92a9b1eb1a70",
            "size": 128,
            "overwrite": false
        },
        "config/inputs/GBA_input_16d0_127e_ReflexVboy_v3.map": {
            "hash": "6e13cc083259f6641544b2e1fdc4723a",
            "size": 128,
            "overwrite": false
        },
        "config/inputs/GameGear_input_16d0_127e_ReflexPSDS1_v3.map": {
            "hash": "b21b1afb7816ed516286762dbbc59e97",
            "size": 128,
            "overwrite": false
        },
        "config/inputs/SMS_input_16d0_127e_ReflexPCE_v3.map": {
            "hash": "5666dee73c73a2cf81d09f8431d50bf1",
            "size": 128,
            "overwrite": false
        },
        "config/inputs/WonderSwanColor_input_16d0_127e_ReflexJag_v3.map": {
            "hash": "ba68081ffda9c22dc6be99880b8a66b5",
            "size": 128,
            "overwrite": false
        },
        "config/inputs/MegaDrive_input_16d0_127e_ReflexSat_v3.map": {
            "hash": "c1715f5cef75704bf03bb6e741e7b438",
            "size": 128,
            "overwrite": false
        },
        "config/inputs/GBC_input_16d0_127e_ReflexPCE_v3.map": {
            "hash": "25ef24c7df2182fe35487a0962f223a0",
            "size": 128,
            "overwrite": false
        },
        "config/inputs/GAMEBOY_input_16d0_127e_ReflexNeoGeo_v3.map": {
            "hash": "073391d33182518df42752ccf6d7f988",
            "size": 128,
            "overwrite": false
        },
        "config/inputs/TGFX16_input_16d0_127e_MiSTer-A1_JogCon_v3.map": {
            "hash": "be1b2384adfa97cb4c115790896fbc6f",
            "size": 128,
            "overwrite": false
        },
        "config/inputs/GBC_input_16d0_127e_ReflexNeoGeo_v3.map": {
            "hash": "073391d33182518df42752ccf6d7f988",
            "size": 128,
            "overwrite": false
        },
        "config/inputs/WonderSwan_input_16d0_127e_ReflexPSDS1_v3.map": {
            "hash": "8abc350941232e63eaf700dd053bc540",
            "size": 128,
            "overwrite": false
        },
        "config/inputs/Atari2600_input_16d0_127e_ReflexNeoGeo_v3.map": {
            "hash": "f876909d63ce61efdf0b23ff5669b246",
            "size": 128,
            "overwrite": false
        },
        "config/inputs/ecofghtr_input_16d0_127e_MiSTer-A1_JogCon_v3.map": {
            "hash": "65ddd6cf5dea92643a974c4ef6202805",
            "size": 128,
            "overwrite": false
        },
        "config/inputs/input_16d0_127e_ReflexNeoGeo_v3.map": {
            "hash": "d6d44392523f07918234ae1a335cb870",
            "size": 128,
            "overwrite": false
        },
        "config/inputs/ATARI7800_input_16d0_127e_ReflexGC_v3.map": {
            "hash": "7e4f740b65e833d9d6b789aa364d120e",
            "size": 128,
            "overwrite": false
        },
        "config/inputs/GameNWatch_input_16d0_127e_ReflexGC_v3.map": {
            "hash": "48948129ffc719b4f4e93249c5e05db6",
            "size": 128,
            "overwrite": false
        },
        "config/inputs/TGFX16_input_16d0_127e_ReflexSNESNTT_v3.map": {
            "hash": "1b98e5eb5cdbb6d4444fd5f97bc52295",
            "size": 128,
            "overwrite": false
        },
        "config/inputs/NEOGEO_input_16d0_127e_ReflexWii_v3.map": {
            "hash": "7b0172672dc6ddc7d928863b8c5d9855",
            "size": 128,
            "overwrite": false
        },
        "config/inputs/MegaDrive_input_16d0_127e_ReflexVboy_v3.map": {
            "hash": "e27ca62776f64df8e041b0b9923f3c77",
            "size": 128,
            "overwrite": false
        },
        "config/inputs/MegaDuck_input_16d0_127e_ReflexPSDS1_v3.map": {
            "hash": "e10f948acb523f5722de8d2e87a3a5fd",
            "size": 128,
            "overwrite": false
        },
        "config/inputs/GameGear_input_16d0_127e_ReflexN64_v3.map": {
            "hash": "669d39d5a0d75fd40dd0aeee41acf89f",
            "size": 128,
            "overwrite": false
        },
        "config/inputs/Atari2600_input_16d0_127e_ReflexSMS_v3.map": {
            "hash": "5b14ee25ae1abcd268bfd2ec1c07befc",
            "size": 128,
            "overwrite": false
        },
        "config/inputs/S32X_input_16d0_127e_MiSTer-A1_JogCon_v3.map": {
            "hash": "e24484817f0c90b786c39841abdeaafa",
            "size": 128,
            "overwrite": false
        },
        "config/inputs/SMS_input_16d0_127e_ReflexVboy_v3.map": {
            "hash": "a13af60bd315dcde5c542ceaacc1a696",
            "size": 128,
            "overwrite": false
        },
        "config/inputs/S32X_input_16d0_127e_ReflexJag_v3.map": {
            "hash": "7aa15405c38c8862cdcb766a45c5a290",
            "size": 128,
            "overwrite": false
        },
        "config/inputs/VECTREX_input_16d0_127e_Reflex3DO_v3.map": {
            "hash": "7e140e6dfe11443c95bfa13428555ff6",
            "size": 128,
            "overwrite": false
        },
        "config/inputs/MegaDrive_input_16d0_127e_ReflexN64_v3.map": {
            "hash": "6bfc699ad102921e58b14a9e163b3f26",
            "size": 128,
            "overwrite": false
        },
        "config/inputs/GBA2P_input_16d0_127e_MiSTer-A1_JogCon_v3.map": {
            "hash": "46281a91016c25077216b68609f5f9e4",
            "size": 128,
            "overwrite": false
        },
        "config/inputs/MegaCD_input_16d0_127e_ReflexWii_v3.map": {
            "hash": "9590bf10ac9082c5035827af9eb5f6ad",
            "size": 128,
            "overwrite": false
        },
        "config/inputs/SNES_input_16d0_127e_ReflexJag_v3.map": {
            "hash": "7d6b735b41574ebbfe410778ba0fa779",
            "size": 128,
            "overwrite": false
        },
        "config/inputs/pzloop2_input_16d0_127e_MiSTer-A1_JogCon_v3.map": {
            "hash": "0f62d072a6cd1282088702a9505f5b04",
            "size": 128,
            "overwrite": false
        },
        "config/inputs/SGB_input_16d0_127e_ReflexPCE_v3.map": {
            "hash": "cc8b7e6520211a4e2f80e134b6935ae2",
            "size": 128,
            "overwrite": false
        },
        "config/inputs/WonderSwan_input_16d0_127e_ReflexJag_v3.map": {
            "hash": "ba68081ffda9c22dc6be99880b8a66b5",
            "size": 128,
            "overwrite": false
        },
        "config/inputs/MegaCD_input_16d0_127e_ReflexGC_v3.map": {
            "hash": "f0014b3a27be3a73000f92a9b1eb1a70",
            "size": 128,
            "overwrite": false
        },
        "config/inputs/MegaDuck_input_16d0_127e_ReflexN64_v3.map": {
            "hash": "5765af73a5c744b9f660cc0e851f0484",
            "size": 128,
            "overwrite": false
        },
        "config/inputs/AtariLynx_input_16d0_127e_ReflexWii_v3.map": {
            "hash": "ff1e9572cd7123c3efa753547e893965",
            "size": 128,
            "overwrite": false
        },
        "config/inputs/VECTREX_input_16d0_127e_MiSTer-A1_JogCon_v3.map": {
            "hash": "e1a4159d3ba8b9ae47ef17970c07ad02",
            "size": 128,
            "overwrite": false
        },
        "config/pzloop2.CFG": {
            "hash": "4ae71336e44bf9bf79d2752e234818a5",
            "size": 16,
            "overwrite": false
        },
        "Scripts/reflex_updater.sh": {
            "hash": "46417c2181827d33d42a4b2526df179a",
            "size": 5832704,
            "url": "https://github.com/misteraddons/Reflex-Adapt/releases/download/v1.09/reflex_updater.sh"
        }
    },
    "folders": {
        "config/": {},
        "config/inputs/": {},
        "Scripts/": {}
    },
    "base_files_url": "https://github.com/misteraddons/Reflex-Adapt/raw/main/mister/"
}